-- phpMyAdmin SQL Dump
-- version 5.0.1
-- https://www.phpmyadmin.net/
--
-- Host: 127.0.0.1
-- Generation Time: Dec 01, 2021 at 04:45 PM
-- Server version: 10.4.11-MariaDB
-- PHP Version: 7.4.3

SET SQL_MODE = "NO_AUTO_VALUE_ON_ZERO";
SET AUTOCOMMIT = 0;
START TRANSACTION;
SET time_zone = "+00:00";


/*!40101 SET @OLD_CHARACTER_SET_CLIENT=@@CHARACTER_SET_CLIENT */;
/*!40101 SET @OLD_CHARACTER_SET_RESULTS=@@CHARACTER_SET_RESULTS */;
/*!40101 SET @OLD_COLLATION_CONNECTION=@@COLLATION_CONNECTION */;
/*!40101 SET NAMES utf8mb4 */;

--
-- Database: `toko_bagus`
--

-- --------------------------------------------------------

--
-- Table structure for table `ci_sessions`
--

CREATE TABLE `ci_sessions` (
  `id` varchar(128) NOT NULL,
  `ip_address` varchar(45) NOT NULL,
  `timestamp` int(10) UNSIGNED NOT NULL DEFAULT 0,
  `data` blob NOT NULL
) ENGINE=InnoDB DEFAULT CHARSET=utf8mb4;

--
-- Dumping data for table `ci_sessions`
--

INSERT INTO `ci_sessions` (`id`, `ip_address`, `timestamp`, `data`) VALUES
('ihqm04ms85m16jg5uf296vjhjji23t93', '::1', 1638197748, 0x5f5f63695f6c6173745f726567656e65726174657c693a313633383139373734383b7265646972656374696f6e7c4e3b5f5f4143544956455f53455353494f4e5f444154417c733a3235363a223763633633613364363135643630333365373165303733663962356435393063353233303831396263353461633763623138353263326339643466633761363935323862633530633365336664383930643139323436623031343463363737373264643966323664346665383537363839666638316233393262616235643235792b3447635a6d3741716475444e5046546b384c56786555395a324a6e5938376d4c4a64304a5433676464644b394d7a4f5243714250434a522b78414f536579476e646a6f30497a727648416b47613158724152547546664f6e723274735465543469517035486a66474a47656f6f7a7035774f3856744934363430536e3662223b),
('8ufr9k0a41psdlfg9ic7hoe4k3mmnhvo', '::1', 1638198049, 0x5f5f63695f6c6173745f726567656e65726174657c693a313633383139383034393b7265646972656374696f6e7c4e3b),
('pbbqqvqeibdhrih6c64ilactl1oekaut', '::1', 1638199045, 0x5f5f63695f6c6173745f726567656e65726174657c693a313633383139393034353b7265646972656374696f6e7c4e3b5f5f4143544956455f53455353494f4e5f444154417c733a3235363a22326261316566663965383134636466373336663931663635643734343134663164343762323761336362393335653266326534663232626138343263386135613537656230656363316236343661356662623938666661383636343665346662326630626231353138366364653932393162303837666338343761663432303434435a5151356c676772526f316b6b314e4b2b6a384c4130335348513936397771565761496a68384e772f655132766275375170593053357a50674a497052797645435a2f6f41313872446f78394c692f794a324d6a744f74612b587a6b4a532b43456554304366626d597769764864527150794c6d6c61536c6f58347a494a223b),
('u8fo94qt7768g438sqtdga8le7335kpu', '::1', 1638200099, 0x5f5f63695f6c6173745f726567656e65726174657c693a313633383230303039393b7265646972656374696f6e7c4e3b5f5f4143544956455f53455353494f4e5f444154417c733a3235363a223334353362613766333933613630353137616636623730353436653161653966316364343565353035623732373936383831623930653163623965326638636264333230383835373336623831396239623961356432353163323536666563343231306465663561396430643935393836363237626165303561373034373963524d305239724d6753336c6e684942394a4a467663783744444b5a53587569474b445a57465869522f6554446e52634b534c664c7856756d2b4f445954476e496839517a68797a2f362b633078494663554b7847393245396c644a6b2b75716b594c654c616f326a73397a486f2f6d457445617056397779767757593358376c223b),
('fl6a3kqkt3aksjclfkj7jmtjv0op6h14', '::1', 1638200413, 0x5f5f63695f6c6173745f726567656e65726174657c693a313633383230303431333b7265646972656374696f6e7c4e3b5f5f4143544956455f53455353494f4e5f444154417c733a3235363a22303633346664336565376233643239363362613861346665316536383537636434623135363638656234656539333336613866393166303965363762326262333233383064363563666637613062643339366535373865363430656537363866626533633231633936626665666335666466666166363538613564633737363635666d4646746346454e5450374236655279694b6a2b36704b335732584a576d7369424f5030445a38617043326e7834433935486247486765644a4750384d3273754a524a33414271694b6a6d5a61782f474f45495059433065586659416f6b694f7651453249303468684d54677446455a7467516b564a4a75673235577169223b70726f66696c657c733a32373a2250726f66696c20626572686173696c206469706572626172756921223b5f5f63695f766172737c613a313a7b733a373a2270726f66696c65223b733a333a226f6c64223b7d),
('2tr3bd44p0poe5o76hcqel5hdfrprm1d', '::1', 1638201346, 0x5f5f63695f6c6173745f726567656e65726174657c693a313633383230313334363b7265646972656374696f6e7c4e3b5f5f4143544956455f53455353494f4e5f444154417c733a3235363a22303633346664336565376233643239363362613861346665316536383537636434623135363638656234656539333336613866393166303965363762326262333233383064363563666637613062643339366535373865363430656537363866626533633231633936626665666335666466666166363538613564633737363635666d4646746346454e5450374236655279694b6a2b36704b335732584a576d7369424f5030445a38617043326e7834433935486247486765644a4750384d3273754a524a33414271694b6a6d5a61782f474f45495059433065586659416f6b694f7651453249303468684d54677446455a7467516b564a4a75673235577169223b70726f66696c657c733a32373a2250726f66696c20626572686173696c206469706572626172756921223b5f5f63695f766172737c613a313a7b733a373a2270726f66696c65223b733a333a226f6c64223b7d),
('17o2trqlqihkluffclgihmthvnqje2mm', '::1', 1638203118, 0x5f5f63695f6c6173745f726567656e65726174657c693a313633383230333131383b7265646972656374696f6e7c4e3b5f5f4143544956455f53455353494f4e5f444154417c733a3235363a22303633346664336565376233643239363362613861346665316536383537636434623135363638656234656539333336613866393166303965363762326262333233383064363563666637613062643339366535373865363430656537363866626533633231633936626665666335666466666166363538613564633737363635666d4646746346454e5450374236655279694b6a2b36704b335732584a576d7369424f5030445a38617043326e7834433935486247486765644a4750384d3273754a524a33414271694b6a6d5a61782f474f45495059433065586659416f6b694f7651453249303468684d54677446455a7467516b564a4a75673235577169223b),
('42j5c7lgdj85nub6bk0h0fsrl20ktlmd', '::1', 1638203480, 0x5f5f63695f6c6173745f726567656e65726174657c693a313633383230333438303b7265646972656374696f6e7c4e3b),
('5d6cdfu5ogidv3hg9d9phgb6nlp2nghi', '::1', 1638203783, 0x5f5f63695f6c6173745f726567656e65726174657c693a313633383230333738333b7265646972656374696f6e7c733a36343a226148523063446f764c327876593246736147397a644339306232747658324a685a33567a4c326c755a4756344c6e426f6343396a64584e306232316c63673d3d223b5f5f4143544956455f53455353494f4e5f444154417c733a3235363a22656632373832616134393136653366363363633037656662303565336531313737366636306261353964333235373732376365363164616539366331636536623338376165636563653534633366323737323566326330383834643931363533633061636138646230323533623333396266653938613564386562376130323747633639356d6e4a7852326769706b7255612b636a4c4f4c41543546587550746b524430747061335a526279756f494f4b6266417954674b37356d76647053626b5a76543158694649614767727872672b4279375a7245744834364f525664624c7961784d4d735231623065636d304e48467374774c466a38366f6252585a47223b73746f72655f666c6173687c733a32363a2250656e646166746172616e20616b756e20626572686173696c21223b5f5f63695f766172737c613a313a7b733a31313a2273746f72655f666c617368223b733a333a226f6c64223b7d),
('9hg8hqelc29767okqg63p21ldvab11m8', '::1', 1638204089, 0x5f5f63695f6c6173745f726567656e65726174657c693a313633383230343038393b7265646972656374696f6e7c4e3b636172745f636f6e74656e74737c613a333a7b733a31303a22636172745f746f74616c223b643a3137303030303b733a31313a22746f74616c5f6974656d73223b643a313b733a33323a226433643934343638303261343432353937353564333865366431363365383230223b613a363a7b733a323a226964223b733a323a223130223b733a333a22717479223b643a313b733a353a227072696365223b643a3137303030303b733a343a226e616d65223b733a31363a224a616d2054616e67616e205072696120223b733a353a22726f776964223b733a33323a226433643934343638303261343432353937353564333865366431363365383230223b733a383a22737562746f74616c223b643a3137303030303b7d7d6c6f67696e5f666c6173687c733a31363a22426572686173696c206c6f676f757421223b5f5f63695f766172737c613a313a7b733a31313a226c6f67696e5f666c617368223b733a333a226f6c64223b7d),
('tqh1mut61tdtl3cn6n6tntrg46e7prug', '::1', 1638204398, 0x5f5f63695f6c6173745f726567656e65726174657c693a313633383230343339383b7265646972656374696f6e7c4e3b636172745f636f6e74656e74737c613a333a7b733a31303a22636172745f746f74616c223b643a3137303030303b733a31313a22746f74616c5f6974656d73223b643a313b733a33323a226433643934343638303261343432353937353564333865366431363365383230223b613a363a7b733a323a226964223b733a323a223130223b733a333a22717479223b643a313b733a353a227072696365223b643a3137303030303b733a343a226e616d65223b733a31363a224a616d2054616e67616e205072696120223b733a353a22726f776964223b733a33323a226433643934343638303261343432353937353564333865366431363365383230223b733a383a22737562746f74616c223b643a3137303030303b7d7d5f5f4143544956455f53455353494f4e5f444154417c733a3235363a2231623930653833376561663562353030646465636132356135333264643333633636326130633436396238303861323437346536396232393630356162386263663463346664653966376662366331383536353837623162323134393961316334383163633630613961343134623634393562396664663265646436653666624c465a783543542f494a7634336f316745793038757a6f41366f567852424c473953705a6f392b6e324f5075776a7538354638456749794c747a374b536c487233454766425559365a316f66796e4c463667635831312f50366259724433666b36724a426361362b796351443443716a4c79525078736962516c314468466145223b6f726465725f7175616e746974797c613a313a7b693a31303b613a323a7b733a333a22717479223b643a313b733a353a227072696365223b643a3137303030303b7d7d746f74616c5f70726963657c643a3136363030303b636f75706f6e5f69647c733a313a2236223b),
('bcc0eiprqdlknjs97nbjia1haji7e61u', '::1', 1638204781, 0x5f5f63695f6c6173745f726567656e65726174657c693a313633383230343738313b7265646972656374696f6e7c4e3b5f5f4143544956455f53455353494f4e5f444154417c733a3235363a2231623930653833376561663562353030646465636132356135333264643333633636326130633436396238303861323437346536396232393630356162386263663463346664653966376662366331383536353837623162323134393961316334383163633630613961343134623634393562396664663265646436653666624c465a783543542f494a7634336f316745793038757a6f41366f567852424c473953705a6f392b6e324f5075776a7538354638456749794c747a374b536c487233454766425559365a316f66796e4c463667635831312f50366259724433666b36724a426361362b796351443443716a4c79525078736962516c314468466145223b),
('k2mhnh2csmgdjfe06s655e330ih29s03', '::1', 1638205087, 0x5f5f63695f6c6173745f726567656e65726174657c693a313633383230353038373b7265646972656374696f6e7c4e3b5f5f4143544956455f53455353494f4e5f444154417c733a3235363a2236666466306565636538346633316336363332656661376537356563616361336431343933303530373263306236333230626631383561613165306533336134636533303732656665356436356266313062653939303461656434323332643431346530653936383038356465356666376562396666633538386235616135343643716c6e4d4e57353663726970474c424e5163314e546c5a6e4d75773856717164347959632f4d6f6f2b30354533493173484a39554d69366134364c476a464649534f664762753332775355482b4a67756c2b4f4b736471785937774b65395a6b58493761666c67505246746b617a7a4f632b4a46742f6a64564c546a7844223b),
('cko8kl0hdqs8ugptpi17u2q21c9i8vnb', '::1', 1638205462, 0x5f5f63695f6c6173745f726567656e65726174657c693a313633383230353436323b7265646972656374696f6e7c4e3b5f5f4143544956455f53455353494f4e5f444154417c733a3235363a2234363863323965343934616538613961633037303661386135646464353031343762333437633932363230383961373630396632366338356262653730653465623565633131393764313339323639386632383663313065613439326431373762653739353139376531313932663937653064343566336266663765383461344d614863323463686c77346d794b384a4e6c4b5856515552496d633775316a6c6863795976436a6a4662396e45384954517a714e71552f396c4c4a547367626d6852666b544f4c507152353836754b6c4f4d547a622b6266415556306758535563787663717a2b4254536531486e382b584369586d464552753558486f4c6d56223b),
('flepfd4p0k5mtv8r7qltl5olto89o4df', '::1', 1638205847, 0x5f5f63695f6c6173745f726567656e65726174657c693a313633383230353834373b7265646972656374696f6e7c4e3b5f5f4143544956455f53455353494f4e5f444154417c733a3235363a223737363463366131393532663734613965623330383134303130393262383031623134333735363964353735323936306661336438643465666662333361333533383335363634373365323863363763366463356361626635643735643335663138306662646533353233653239303532396364353663323530653138633234475161742f4c7a383851726c4d4f457a62715661334a644c3233477a427a746a484932524145494937394d4657474e784a46492b636d34547a75596b516a327355704a47577a78535762582b5264536c4d775667786b7674744438515539554e7063483846494c76355a474464624371477549316b49687267572f4237505839223b),
('jo3d7ll5s75rc424ub0g10g657njmk2u', '::1', 1638206163, 0x5f5f63695f6c6173745f726567656e65726174657c693a313633383230363136333b7265646972656374696f6e7c4e3b5f5f4143544956455f53455353494f4e5f444154417c733a3235363a223737363463366131393532663734613965623330383134303130393262383031623134333735363964353735323936306661336438643465666662333361333533383335363634373365323863363763366463356361626635643735643335663138306662646533353233653239303532396364353663323530653138633234475161742f4c7a383851726c4d4f457a62715661334a644c3233477a427a746a484932524145494937394d4657474e784a46492b636d34547a75596b516a327355704a47577a78535762582b5264536c4d775667786b7674744438515539554e7063483846494c76355a474464624371477549316b49687267572f4237505839223b),
('e6vhsfvd7qu0lqijln6fjaesvmpr0ld2', '::1', 1638206469, 0x5f5f63695f6c6173745f726567656e65726174657c693a313633383230363436393b7265646972656374696f6e7c4e3b),
('qg06hms30r6hhujksgndi85oiu71444q', '::1', 1638206477, 0x5f5f63695f6c6173745f726567656e65726174657c693a313633383230363436393b7265646972656374696f6e7c4e3b5f5f4143544956455f53455353494f4e5f444154417c733a3235363a22376339373639316331366233346165636436373430616139373232653365323630366164306263663965633231646534633531376465316661356337323765323834326664356434653463396662656130653162613463646130333836313539653235613833636136636365336434356337363461396632633638376266646262336b33566344707273366f693757453848464e43674e6975734a41787a4f784b3748436938306c7067464b6a4974544c7956756a2b346b4a4e5a4c644c465a646b76307451505045343637314e42794e4c726d67593449303561737739747a63735a2f414f6c4f31562b77435878363836504d567553356233523866457253223b),
('lvdek563qr7dtmko44617bbc1kth8lkk', '::1', 1638279003, 0x5f5f63695f6c6173745f726567656e65726174657c693a313633383237393030333b),
('svutfv178qje687m1rco3gcjumhvbtvr', '::1', 1638279310, 0x5f5f63695f6c6173745f726567656e65726174657c693a313633383237393331303b7265646972656374696f6e7c4e3b5f5f4143544956455f53455353494f4e5f444154417c733a3235363a226562656438383962316433303839666131643737646536623231333765333733643261633333643132663937313737336432373261303564653837633561333133623762356166363239323461333161623431653039393431303461636335346639346664636637613961346237336133353065636334366138343837653462764a4263494261554779754b7932634a745330394b43673257545276696a5671686f7a4b476e4e58444266726374554d615956462b5a44624b434a684f467a69325a7569506d45663169484833377363684c6b335664316c36356170774f763078326c464d6266376155345a336a6d346e524e422b4d6142724143465a753078223b),
('cs9qgr9tld02opq5omaberulrjqsgvv6', '::1', 1638279624, 0x5f5f63695f6c6173745f726567656e65726174657c693a313633383237393632343b7265646972656374696f6e7c4e3b5f5f4143544956455f53455353494f4e5f444154417c733a3235363a223332353234623764306236393939323633353337386365306339366239336637316266663830346330643738623839343833396562346230646162663232666362633863656161376238396366386131393363376362323935393161613439356133666131353366666439643736643632373333383736386638376563656462526a68746158464e31643753726b68454d616e64666b79625a3537337137795554456868536471385a6572647150746d7075344c4466724e72375a767342474e39414c6f57737a777457795a4a526b324e78393362537a375364677553492b7451714b436a73364279533863444e32744d2b652b414744397752484a4a6c4f4a223b),
('q4iilfom9atlade7gpr977qordr0vddu', '::1', 1638279625, 0x5f5f63695f6c6173745f726567656e65726174657c693a313633383237393632343b7265646972656374696f6e7c4e3b5f5f4143544956455f53455353494f4e5f444154417c733a3235363a223332353234623764306236393939323633353337386365306339366239336637316266663830346330643738623839343833396562346230646162663232666362633863656161376238396366386131393363376362323935393161613439356133666131353366666439643736643632373333383736386638376563656462526a68746158464e31643753726b68454d616e64666b79625a3537337137795554456868536471385a6572647150746d7075344c4466724e72375a767342474e39414c6f57737a777457795a4a526b324e78393362537a375364677553492b7451714b436a73364279533863444e32744d2b652b414744397752484a4a6c4f4a223b),
('28e6a8t71b6636tov22umcegqi7hof47', '::1', 1638295521, 0x5f5f63695f6c6173745f726567656e65726174657c693a313633383239353532313b),
('k0e5m8mnakf0kicu5ngn86o7k4t39enn', '::1', 1638302551, 0x5f5f63695f6c6173745f726567656e65726174657c693a313633383330323535313b7265646972656374696f6e7c4e3b5f5f4143544956455f53455353494f4e5f444154417c733a3235363a223730323765393030313364653562313832623637653566646437323163313461616433396234616666656564316433383831313730306664316137386463643237303761633133323933663930653138383061306339373138373164353264383338323731306639666533323566396339303434636162653138383833353763504e6b4b4a38755a6f485373734941734e524f372f6264716e7a5a324b514d77585939555136333965537450754f64696f7977416d50624176346f4e3563613061445a3830547246495242466e6f4e737a566677326b447877344d784971586c316a4f7174773755752b6a3341326f566b556246453842436a51434471717830223b),
('grhpmefn245vfq5n3keb3aohg74bnj4g', '::1', 1638302861, 0x5f5f63695f6c6173745f726567656e65726174657c693a313633383330323836313b7265646972656374696f6e7c4e3b5f5f4143544956455f53455353494f4e5f444154417c733a3235363a226163613737373764383834363835333233346136653139366230393537326239343832353439656235333035383361373133346138333731346236326639343866646561363235396539636439613137653264666664366232633333633737616336643062633634656430636634383066336534666139336535643461313837595049596d504d6f4375465a4d6550712f6e6654792f6d516a6f5355776e2f55434147624632484c472b2b774e36536b7750682f6e306273696d43324d5573463343793566666d3230583138755254767337426e34566b4271524c7174336f71423376734359732b684c424f32694c5059322b782b3064796e57446e61666463223b7061796d656e745f666c6173687c733a37393a224b6f6e6669726d61736920626572686173696c2064696c616b756b616e2e2041646d696e20616b616e206d656d7665726966696b6173696e79612064616c616d2077616b74752031783234206a616d223b5f5f63695f766172737c613a313a7b733a31333a227061796d656e745f666c617368223b733a333a226f6c64223b7d),
('u2eagsl2o78n8chfk2cmenhujomrkc37', '::1', 1638303074, 0x5f5f63695f6c6173745f726567656e65726174657c693a313633383330323836313b7265646972656374696f6e7c4e3b5f5f4143544956455f53455353494f4e5f444154417c733a3235363a2264383565656362363330333535613432336233663866363561373334636433303732373332666261313563623934626636303332356661373233326134383761393665313562343565656430646134366337353436383837363831633037303166626531326461306531333830373136656262613531653831613939626230614b55766b5252496c4b466c333479314b2f6a7541433651656562484e52303046314d6e33654d705666305430305971596830372b747a617a437538756a443432736f58744f7179664453457778676538544136492f564753744d4445662b447759665a6748392b417a66686e334d746b732f6d516f515a445a53776a76583544223b),
('8fqf3ubinrlar7hgfl90rqluog0sll0k', '::1', 1638324645, 0x5f5f63695f6c6173745f726567656e65726174657c693a313633383332343634353b7265646972656374696f6e7c4e3b5f5f4143544956455f53455353494f4e5f444154417c733a3235363a22373431356163313864643137373863313731333436303435383431363837633136366662363965306565396331626463396233633439316261386430343730346161643765343462633430653862633237643939333734616439346232623962326131366536373466313263386133396163393766633036303039616138643832616b6f363136636a2b61704f306349594c2b4f786a4535554861586231445148544e74793066527474625775666133326e3962666834374e6749375558536a303872783869444d556158532f477148377569304c786c4f6354346a364e2b747237456465575047336b334869454757326a544177446b7256477838366c586e223b),
('ug2gbleb9m6lchmb3ckc4pft4vth0ol9', '::1', 1638326296, 0x5f5f63695f6c6173745f726567656e65726174657c693a313633383332363239363b7265646972656374696f6e7c4e3b5f5f4143544956455f53455353494f4e5f444154417c733a3235363a226538623565323231373633326666373532643465613635396430653030303931313966626633313235653135333838666164623035316162323431343162333963653063363237616437353565323931646531373037383662623164383831366636646561616137386132383162386466643436323261613166616231346230646c70564462785648484670434e59775a362f753769584f4630796c507062674a5475647849476836586252324e62526359693658333076524f69365a444651424a45384e774e34314f333630697143734277746e38515131524c414a683356366a424c432b4b5364523561486e75476448646641416671646d394836384336223b),
('i95oedos4ev5jf3qibttuua1nuodm99c', '::1', 1638326619, 0x5f5f63695f6c6173745f726567656e65726174657c693a313633383332363631393b7265646972656374696f6e7c4e3b5f5f4143544956455f53455353494f4e5f444154417c733a3235363a226538623565323231373633326666373532643465613635396430653030303931313966626633313235653135333838666164623035316162323431343162333963653063363237616437353565323931646531373037383662623164383831366636646561616137386132383162386466643436323261613166616231346230646c70564462785648484670434e59775a362f753769584f4630796c507062674a5475647849476836586252324e62526359693658333076524f69365a444651424a45384e774e34314f333630697143734277746e38515131524c414a683356366a424c432b4b5364523561486e75476448646641416671646d394836384336223b),
('71t7serjcafmd12al54p7r9utmn9pckg', '::1', 1638327417, 0x5f5f63695f6c6173745f726567656e65726174657c693a313633383332373431373b7265646972656374696f6e7c4e3b5f5f4143544956455f53455353494f4e5f444154417c733a3235363a226538623565323231373633326666373532643465613635396430653030303931313966626633313235653135333838666164623035316162323431343162333963653063363237616437353565323931646531373037383662623164383831366636646561616137386132383162386466643436323261613166616231346230646c70564462785648484670434e59775a362f753769584f4630796c507062674a5475647849476836586252324e62526359693658333076524f69365a444651424a45384e774e34314f333630697143734277746e38515131524c414a683356366a424c432b4b5364523561486e75476448646641416671646d394836384336223b),
('p7loq6cluo1ur2p12a17qk5m54u4q0ns', '::1', 1638327812, 0x5f5f63695f6c6173745f726567656e65726174657c693a313633383332373831323b7265646972656374696f6e7c4e3b5f5f4143544956455f53455353494f4e5f444154417c733a3235363a22363937396535363065373933333037666535383137663963383034313638343938316436363233353430336131316466346537343332653439623339666163376131356566303164646139623463663938303538306430396665636333396338656462643135613261633732353238663433373561326661663939323466336577375a682b51537a4d622b424c3439743675434430434d436b2f697a5a5845752f384765437575326355463953504c2f624e49647236427534796f776a61576e647675436a70794c64312f74705964723558535a356c6d457039387844704b2b7948644b396a50526a48536b497559367a69644941567a7049506e5241566537223b),
('ojg3mc0gr3rk9gb61vvgf942a9ju75ss', '::1', 1638328256, 0x5f5f63695f6c6173745f726567656e65726174657c693a313633383332383235363b7265646972656374696f6e7c4e3b5f5f4143544956455f53455353494f4e5f444154417c733a3235363a22363937396535363065373933333037666535383137663963383034313638343938316436363233353430336131316466346537343332653439623339666163376131356566303164646139623463663938303538306430396665636333396338656462643135613261633732353238663433373561326661663939323466336577375a682b51537a4d622b424c3439743675434430434d436b2f697a5a5845752f384765437575326355463953504c2f624e49647236427534796f776a61576e647675436a70794c64312f74705964723558535a356c6d457039387844704b2b7948644b396a50526a48536b497559367a69644941567a7049506e5241566537223b),
('v9bkqkhqsu0s4gnrhc94piabct61hna1', '::1', 1638328811, 0x5f5f63695f6c6173745f726567656e65726174657c693a313633383332383831313b7265646972656374696f6e7c4e3b5f5f4143544956455f53455353494f4e5f444154417c733a3235363a22363937396535363065373933333037666535383137663963383034313638343938316436363233353430336131316466346537343332653439623339666163376131356566303164646139623463663938303538306430396665636333396338656462643135613261633732353238663433373561326661663939323466336577375a682b51537a4d622b424c3439743675434430434d436b2f697a5a5845752f384765437575326355463953504c2f624e49647236427534796f776a61576e647675436a70794c64312f74705964723558535a356c6d457039387844704b2b7948644b396a50526a48536b497559367a69644941567a7049506e5241566537223b),
('ktsud9u6gafomh8pkjkgrftq2j3i8ieu', '::1', 1638330016, 0x5f5f63695f6c6173745f726567656e65726174657c693a313633383333303031363b7265646972656374696f6e7c4e3b5f5f4143544956455f53455353494f4e5f444154417c733a3235363a22363937396535363065373933333037666535383137663963383034313638343938316436363233353430336131316466346537343332653439623339666163376131356566303164646139623463663938303538306430396665636333396338656462643135613261633732353238663433373561326661663939323466336577375a682b51537a4d622b424c3439743675434430434d436b2f697a5a5845752f384765437575326355463953504c2f624e49647236427534796f776a61576e647675436a70794c64312f74705964723558535a356c6d457039387844704b2b7948644b396a50526a48536b497559367a69644941567a7049506e5241566537223b),
('o0cg785flloncnvc4p7tjpv8auo3opni', '::1', 1638330317, 0x5f5f63695f6c6173745f726567656e65726174657c693a313633383333303331373b7265646972656374696f6e7c4e3b6f726465725f7175616e746974797c613a303a7b7d746f74616c5f70726963657c693a333030303b6c6f67696e5f666c6173687c733a31363a22426572686173696c206c6f676f757421223b5f5f63695f766172737c613a313a7b733a31313a226c6f67696e5f666c617368223b733a333a226e6577223b7d),
('tvpkhnmok4qlbbig4fgf39alu1imdfl2', '::1', 1638330722, 0x5f5f63695f6c6173745f726567656e65726174657c693a313633383333303732323b7265646972656374696f6e7c4e3b6f726465725f7175616e746974797c613a303a7b7d746f74616c5f70726963657c693a333030303b5f5f4143544956455f53455353494f4e5f444154417c733a3235363a2232333061383961346631303239383765636538386531316630646233653039306232323366363764363638373361613936383563373232666537663164363638303362323637343637346435386432346332313536636262663662666133333734383136313735386139656533633762353537383732353839393932333463634166653844646e6348664a3857724a636b325559784a6a48594f6c416476437475743833504c65394b4b53596e79323551745a41454c7570424b6d786d625a4e6e6173665368395a6f3553726c78422f6f452b4a7431563052665a5a4952576343726b324255445558737330734564306d68577164504246584372575067444d223b),
('lre8cfkkiartrnhb18hmakaq5ker7k52', '::1', 1638331028, 0x5f5f63695f6c6173745f726567656e65726174657c693a313633383333313032383b7265646972656374696f6e7c4e3b6f726465725f7175616e746974797c613a303a7b7d746f74616c5f70726963657c693a333030303b5f5f4143544956455f53455353494f4e5f444154417c733a3235363a2232333061383961346631303239383765636538386531316630646233653039306232323366363764363638373361613936383563373232666537663164363638303362323637343637346435386432346332313536636262663662666133333734383136313735386139656533633762353537383732353839393932333463634166653844646e6348664a3857724a636b325559784a6a48594f6c416476437475743833504c65394b4b53596e79323551745a41454c7570424b6d786d625a4e6e6173665368395a6f3553726c78422f6f452b4a7431563052665a5a4952576343726b324255445558737330734564306d68577164504246584372575067444d223b),
('ipqra7nkqvpiph75sjdvsq7v0bubr24m', '::1', 1638331415, 0x5f5f63695f6c6173745f726567656e65726174657c693a313633383333313431353b7265646972656374696f6e7c4e3b6f726465725f7175616e746974797c613a303a7b7d746f74616c5f70726963657c693a333030303b5f5f4143544956455f53455353494f4e5f444154417c733a3235363a223136316634636630346135373436363463623531373631356262633232623638616137386632613130323737326332633761363365666633333263623936343634636566346436373935616238366537643262366465373365623661663439376435633163306530353264663238383135643264333337373935646631363663314434502f442f396378724f3870696d6d4632425875796c63664f373834734636484c5775726a37344d4a446d505a414a775a5850574643342f44364669664e4d6d41784d4266657244503776315777486d6f574c2f4137326d6473317a4c37755157305452714c39324b524e7177676161517932504b615230656b59546e56223b),
('v70g32iv6totnk2ot3es24vjsu8dtf57', '::1', 1638331512, 0x5f5f63695f6c6173745f726567656e65726174657c693a313633383333313431353b7265646972656374696f6e7c4e3b6f726465725f7175616e746974797c613a303a7b7d746f74616c5f70726963657c693a333030303b6c6f67696e5f666c6173687c733a31363a22426572686173696c206c6f676f757421223b5f5f63695f766172737c613a313a7b733a31313a226c6f67696e5f666c617368223b733a333a226f6c64223b7d),
('cb27pcuimletihl9nb0d8s6ct3mr9ic3', '::1', 1638372181, 0x5f5f63695f6c6173745f726567656e65726174657c693a313633383337323138313b),
('38jost71f13pil9ap0p0bbnn6jggl5k9', '::1', 1638372482, 0x5f5f63695f6c6173745f726567656e65726174657c693a313633383337323438323b7265646972656374696f6e7c4e3b5f5f4143544956455f53455353494f4e5f444154417c733a3235363a22343030363236323634343564616539353539643833616138643730343837646161666131613037393161626330393664333636626235326464663030333833626662646333386563663462613866393766316663336330333136303837666532643731366464396161303735396535326339633634633162386231646539353261576656626b6e434c486544756b31694b596857396f4776344b61626d4f50755332374a645664425a4167706b747979494d32456b4c7174797a31324f41686775584337676977797a714b4e555936726d686269676446546b59366836554c6c61594c70646a336569656d675562737a325575496f68754e6f6377516e73514e223b),
('akvue2rp2f8bpo7n5o3mhe35pue1obb8', '::1', 1638372848, 0x5f5f63695f6c6173745f726567656e65726174657c693a313633383337323834383b7265646972656374696f6e7c4e3b5f5f4143544956455f53455353494f4e5f444154417c733a3235363a2238326563303064373338306163356235613531393830353261623635343834363432346535366166643831383163633735363630383035333965393836383639626666353036356233653331336236376234393364623032336633663136666333306363393332643230633031616432383261633132623432343266346362667a474a5635335749474e3662665a64564e63723149502b4c5279724e707761316550437058437439707151736e30624676705648646a62554667644459354162355151732f58475379764f38567a484a6c54796273525856616a427630716b557433552b48675a396f6f656230366f4130594b586e39685649586e787a6f3071223b),
('047cbdt83l310564hk38n5kcjugm4af7', '::1', 1638372877, 0x5f5f63695f6c6173745f726567656e65726174657c693a313633383337323834383b7265646972656374696f6e7c4e3b6c6f67696e5f666c6173687c733a31363a22426572686173696c206c6f676f757421223b5f5f63695f766172737c613a313a7b733a31313a226c6f67696e5f666c617368223b733a333a226f6c64223b7d),
('ki37lcan8keip4sgrfsjamng18aokajg', '::1', 1638373368, 0x5f5f63695f6c6173745f726567656e65726174657c693a313633383337333336383b7265646972656374696f6e7c4e3b5f5f4143544956455f53455353494f4e5f444154417c733a3235363a226636393435323965356466623830666163363833303635396633646237363564303861353964333735636439653433343038313837333431636461656630656130383732336461613235383234316263636431643438323437373235383335316630633161633961343433646364613365663663373263653365363962663635626d43636b396e4d3258435630536570346b2f2b455556706542765437315654644469477170576f683533574f397854484779483643467263782f50395a4f474e37466271526a6379505847636e4265736c63456d486e673051744643614851302f3875662b6c74376b473168764c63794b6755372f5a6739696755784d6332223b),
('5sr72k7bnml68g4q0g871qmlhjct6qk4', '::1', 1638373533, 0x5f5f63695f6c6173745f726567656e65726174657c693a313633383337333336383b7265646972656374696f6e7c4e3b6c6f67696e5f666c6173687c733a31363a22426572686173696c206c6f676f757421223b5f5f63695f766172737c613a313a7b733a31313a226c6f67696e5f666c617368223b733a333a226f6c64223b7d);

-- --------------------------------------------------------

--
-- Table structure for table `contacts`
--

CREATE TABLE `contacts` (
  `id` int(10) NOT NULL,
  `parent_id` int(10) DEFAULT NULL,
  `name` varchar(32) NOT NULL,
  `subject` varchar(128) DEFAULT NULL,
  `email` varchar(64) NOT NULL,
  `message` mediumtext NOT NULL,
  `contact_date` datetime DEFAULT NULL,
  `status` tinyint(1) DEFAULT 1,
  `reply_at` datetime DEFAULT NULL
) ENGINE=InnoDB DEFAULT CHARSET=utf8mb4;

-- --------------------------------------------------------

--
-- Table structure for table `coupons`
--

CREATE TABLE `coupons` (
  `id` bigint(20) NOT NULL,
  `name` varchar(191) NOT NULL,
  `code` varchar(32) NOT NULL,
  `credit` decimal(8,2) NOT NULL,
  `start_date` date NOT NULL,
  `expired_date` date NOT NULL,
  `is_active` tinyint(4) DEFAULT 1
) ENGINE=InnoDB DEFAULT CHARSET=utf8mb4;

--
-- Dumping data for table `coupons`
--

INSERT INTO `coupons` (`id`, `name`, `code`, `credit`, `start_date`, `expired_date`, `is_active`) VALUES
(4, 'Berbagi Ramadhan', 'RAMADHAN2021', '5000.00', '2021-05-02', '2021-05-09', 1),
(5, 'Welcome Desember', 'WELDES2021', '4000.00', '2021-05-01', '2021-11-27', 1),
(6, 'flashsale', 'FLASHSALE', '4000.00', '2021-11-29', '2021-11-30', 1);

-- --------------------------------------------------------

--
-- Table structure for table `customers`
--

CREATE TABLE `customers` (
  `id` bigint(20) NOT NULL,
  `user_id` bigint(20) UNSIGNED DEFAULT NULL,
  `name` varchar(191) NOT NULL,
  `phone_number` varchar(32) DEFAULT NULL,
  `address` varchar(191) NOT NULL,
  `profile_picture` varchar(191) DEFAULT NULL
) ENGINE=InnoDB DEFAULT CHARSET=utf8mb4;

--
-- Dumping data for table `customers`
--

INSERT INTO `customers` (`id`, `user_id`, `name`, `phone_number`, `address`, `profile_picture`) VALUES
(6, 7, 'Sabilii Noor Arba\'a', '081328907767', 'Jalan Kramat Raya', 'admin.png');

-- --------------------------------------------------------

--
-- Table structure for table `orders`
--

CREATE TABLE `orders` (
  `id` bigint(20) NOT NULL,
  `user_id` bigint(20) UNSIGNED DEFAULT NULL,
  `coupon_id` bigint(20) DEFAULT NULL,
  `order_number` varchar(16) NOT NULL,
  `order_status` enum('1','2','3','4','5') DEFAULT '1',
  `order_date` datetime NOT NULL,
  `total_price` decimal(8,2) DEFAULT NULL,
  `total_items` int(10) DEFAULT NULL,
  `payment_method` int(11) DEFAULT 1,
  `delivery_data` text DEFAULT NULL,
  `delivered_date` datetime DEFAULT NULL,
  `finish_date` datetime DEFAULT NULL
) ENGINE=InnoDB DEFAULT CHARSET=utf8mb4;

-- --------------------------------------------------------

--
-- Table structure for table `order_items`
--

CREATE TABLE `order_items` (
  `id` bigint(20) NOT NULL,
  `order_id` bigint(20) DEFAULT NULL,
  `product_id` bigint(20) DEFAULT NULL,
  `order_qty` int(10) NOT NULL,
  `order_price` decimal(8,2) DEFAULT NULL
) ENGINE=InnoDB DEFAULT CHARSET=utf8mb4;

-- --------------------------------------------------------

--
-- Table structure for table `payments`
--

CREATE TABLE `payments` (
  `id` bigint(20) NOT NULL,
  `order_id` bigint(20) DEFAULT NULL,
  `payment_price` decimal(8,2) DEFAULT NULL,
  `payment_date` datetime NOT NULL,
  `picture_name` varchar(191) DEFAULT NULL,
  `payment_status` enum('1','2','3') DEFAULT '1',
  `confirmed_date` datetime DEFAULT NULL,
  `payment_data` text DEFAULT NULL
) ENGINE=InnoDB DEFAULT CHARSET=utf8mb4;

--
-- Dumping data for table `payments`
--

INSERT INTO `payments` (`id`, `order_id`, `payment_price`, `payment_date`, `picture_name`, `payment_status`, `confirmed_date`, `payment_data`) VALUES
(4, 5, '271000.00', '2020-03-29 08:20:39', 'category-1.jpg', '1', NULL, '{\"transfer_to\":\"bri\",\"source\":{\"bank\":\"Bank BRI\",\"name\":\"Agung Tri Saputra\",\"number\":\"12-345-678-9\"}}'),
(5, 7, '78000.00', '2020-03-30 08:51:08', 'html5.jpg', '2', NULL, '{\"transfer_to\":\"btn\",\"source\":{\"bank\":\"BANK BCA\",\"name\":\"MMS\",\"number\":\"123-456\"}}'),
(6, 11, '130000.00', '2021-05-04 10:39:11', 'REAKSI_ARTILERI-removebg-preview.png', '1', NULL, '{\"transfer_to\":\"bank-jago-xx\",\"source\":{\"bank\":\"we\",\"name\":\"ddf\",\"number\":\"123\"}}');

-- --------------------------------------------------------

--
-- Table structure for table `products`
--

CREATE TABLE `products` (
  `id` bigint(20) NOT NULL,
  `category_id` int(10) DEFAULT NULL,
  `sku` varchar(32) DEFAULT NULL,
  `name` varchar(191) NOT NULL,
  `description` varchar(191) DEFAULT NULL,
  `picture_name` varchar(191) DEFAULT NULL,
  `price` decimal(8,2) NOT NULL,
  `current_discount` decimal(8,2) DEFAULT 0.00,
  `stock` int(10) NOT NULL,
  `product_unit` varchar(32) DEFAULT NULL,
  `is_available` tinyint(1) DEFAULT 1,
  `add_date` datetime DEFAULT NULL
) ENGINE=InnoDB DEFAULT CHARSET=utf8mb4;

--
-- Dumping data for table `products`
--

INSERT INTO `products` (`id`, `category_id`, `sku`, `name`, `description`, `picture_name`, `price`, `current_discount`, `stock`, `product_unit`, `is_available`, `add_date`) VALUES
(1, 2, 'SB750372', 'Sepatu Casual Pria', 'Size : 42 <br>\r\nBahan : Canvas dan Karet<br>\r\nSepatu ini sangat cocok digunakan di acara kasual.<br>\r\nDibuat di Indonesia dengan bahan yang memiliki kualitas baik.', 'category2.jpg', '250000.00', '50000.00', 10, 'Unit', 1, '2020-03-26 15:02:52'),
(2, 1, 'BS350420', 'Hoodie Two Side', 'All SIze <br> Bahan : Fleece <br> Hoodie ini memiliki bahan yang lembut dan halus. <br> Sangat cocok digunakan saat acara kasual', 'product6.jpg', '200000.00', '20000.00', 4, 'Unit', 1, '2020-03-26 15:03:40'),
(4, 1, 'TS120790', 'Topi Bunga', 'All Size<br> Bahan : Drill<br> Warna ready : Pink<br> Motif bunga yang indah sangat cocok untuk perempuan<br> Nyaman Saat Digunakan', 'produk5.jpg', '100000.00', '0.00', 3, 'Unit', 1, '2020-03-26 19:36:30'),
(5, 1, 'WS120811', 'Tas Wanita', 'Bahan : Sintetis<br>Warna : Pink<br>Size : 22x10x7<br> Sangat Cocok di Acara Kasual', 'product7.jpg', '120000.00', '0.00', 2, 'Unit', 1, '2020-03-26 19:36:51'),
(8, 1, 'PS220885', 'Celana Jeans Sobek', 'Bahan : Denim<br>Warna : Biru<br>Size : 28<br>Memiliki bahan yang berkualitas dan nyaman saat digunakan', 'product12.jpg', '130000.00', '0.00', 7, 'Unit', 1, '2020-03-26 19:38:05'),
(9, 2, 'AB450163', 'Dompet Distro', 'Bahan : Canvas<br>Warna : Black Doff<br>Size : 23x9x3<br>Memiliki slot 6 kartu dan 2 untuk menyimpan uang', 'product10.jpg', '70000.00', '5000.00', 6, 'Unit', 1, '2020-03-26 19:42:43'),
(10, 1, 'BMS120283', 'Jam Tangan Pria ', 'Fitur : Hour,Second, Date, Chronometer<br>Case Diameter : 47mm<br>Case Thickness : 14mm<br>Band Width : 24mm<br>Band Length : 22cm', 'product9.jpg', '170000.00', '0.00', 3, 'Unit', 1, '2020-03-26 19:44:42'),
(11, 1, 'URS13301', 'Kaos Distro', 'Size : L<br>Bahan : Cotton<br>Motif : Full Print<br>Bahan Adem dan Lembut<br>Sangat Cocok digunakan Sehari-hari', 'product4.jpg', '65000.00', '0.00', 3, 'Unit', 1, '2020-03-26 19:45:01'),
(12, 1, 'BPS15347', 'Kaos Kaki Kasual', NULL, 'produk111.jpg', '25000.00', '0.00', 5, 'Unit', 1, '2020-03-26 19:45:47'),
(13, 1, 'KPS223370', 'Jass Formal Pria', 'Size : L<br> Bahan : High Twist<br>Motif : Polos<br>Cocok digunakan di acara formal<br>Bahan Memiliki kualitas terbaik berasal dari Amerika<br>Sangat nyaman saat digunakan', 'product3.jpg', '200000.00', '0.00', 5, 'Unit', 1, '2020-03-26 19:46:10'),
(14, 1, 'CMS410424', 'Dasi Pria', 'Size : M <br>Bahan : Polyester<br>Sangat Cocok dipadukan dengan jass formal<br>Bahan Lembut dan Halus', 'product121.jpg', '20000.00', '7000.00', 4, 'Unit', 1, '2020-03-26 19:47:04');

-- --------------------------------------------------------

--
-- Table structure for table `product_category`
--

CREATE TABLE `product_category` (
  `id` int(10) NOT NULL,
  `name` varchar(191) NOT NULL
) ENGINE=InnoDB DEFAULT CHARSET=utf8mb4;

--
-- Dumping data for table `product_category`
--

INSERT INTO `product_category` (`id`, `name`) VALUES
(1, 'Non Limited'),
(2, 'Limited');

-- --------------------------------------------------------

--
-- Table structure for table `reviews`
--

CREATE TABLE `reviews` (
  `id` bigint(20) NOT NULL,
  `user_id` bigint(20) UNSIGNED DEFAULT NULL,
  `order_id` bigint(20) DEFAULT NULL,
  `title` varchar(191) DEFAULT NULL,
  `review_text` mediumtext NOT NULL,
  `review_date` datetime NOT NULL,
  `status` tinyint(1) NOT NULL DEFAULT 1
) ENGINE=InnoDB DEFAULT CHARSET=utf8mb4;

-- --------------------------------------------------------

--
-- Table structure for table `settings`
--

CREATE TABLE `settings` (
  `id` int(10) NOT NULL,
  `key` varchar(32) NOT NULL,
  `content` text NOT NULL
) ENGINE=InnoDB DEFAULT CHARSET=utf8mb4;

--
-- Dumping data for table `settings`
--

INSERT INTO `settings` (`id`, `key`, `content`) VALUES
(1, 'current_theme_name', 'vegefoods'),
(2, 'store_name', 'TOKO BAGUS'),
(3, 'store_phone_number', '083899887724'),
(4, 'store_email', 'tokobagus24@gmail.com'),
(5, 'store_tagline', 'Belanja Nyaman Dari Rumah'),
(6, 'store_logo', 'Logo.png'),
(7, 'max_product_image_size', '20000'),
(8, 'store_description', 'Belanja Nyaman Dari Rumah dan Pastinya Berkualitas'),
(9, 'store_address', 'Jalan Kramat Raya No.98'),
(10, 'min_shop_to_free_shipping_cost', '50000'),
(11, 'shipping_cost', '3000'),
(12, 'payment_banks', '{\"bank-mandiri\":{\"bank\":\"BANK MANDIRI\",\"number\":\"8783454373\",\"name\":\"Saiful Daulah\"},\"bank-bni\":{\"bank\":\"BANK BNI\",\"number\":\"948793246\",\"name\":\"Saiful Daulah\"},\"bank-btn\":{\"bank\":\"BANK BTN\",\"number\":\"643636577\",\"name\":\"Saiful Daulah\"},\"bank-bca\":{\"bank\":\"BANK BCA\",\"number\":\"436896924\",\"name\":\"SAIFUL\"}}');

-- --------------------------------------------------------

--
-- Table structure for table `users`
--

CREATE TABLE `users` (
  `id` bigint(20) UNSIGNED NOT NULL,
  `name` varchar(50) COLLATE utf8mb4_unicode_ci DEFAULT NULL,
  `email` varchar(191) COLLATE utf8mb4_unicode_ci NOT NULL,
  `email_verified_at` timestamp NULL DEFAULT NULL,
  `username` varchar(16) COLLATE utf8mb4_unicode_ci NOT NULL,
  `password` varchar(191) COLLATE utf8mb4_unicode_ci NOT NULL,
  `profile_picture` varchar(128) COLLATE utf8mb4_unicode_ci DEFAULT NULL,
  `role` varchar(32) COLLATE utf8mb4_unicode_ci DEFAULT '0' COMMENT '1 = admin, 2 = customer',
  `register_date` datetime DEFAULT NULL
) ENGINE=InnoDB DEFAULT CHARSET=utf8mb4 COLLATE=utf8mb4_unicode_ci;

--
-- Dumping data for table `users`
--

INSERT INTO `users` (`id`, `name`, `email`, `email_verified_at`, `username`, `password`, `profile_picture`, `role`, `register_date`) VALUES
(1, 'Admin Saiful Daulah', 'adminsaiful24@gmail.com', NULL, 'admin', '$2y$10$Brm3RNWFKvZ1e0ej1vBz9.QbFMW21q0l/iDSt5aDOoGj9zlLFuxh6', 'pp11.jpg', 'admin', NULL),
(7, 'Customer Toko Bagus', 'sabili12@gmail.com', NULL, 'sabili', '$2y$10$icvpTEVito0MK/xlWPvUvenodTDB7xW76a2hAFA5ljvPB9JgufJrO', 'admin.png', 'customer', '2020-03-29 08:14:30');

--
-- Indexes for dumped tables
--

--
-- Indexes for table `ci_sessions`
--
ALTER TABLE `ci_sessions`
  ADD KEY `ci_sessions_timestamp` (`timestamp`);

--
-- Indexes for table `contacts`
--
ALTER TABLE `contacts`
  ADD PRIMARY KEY (`id`),
  ADD KEY `FK_contacts_contacts` (`parent_id`);

--
-- Indexes for table `coupons`
--
ALTER TABLE `coupons`
  ADD PRIMARY KEY (`id`);

--
-- Indexes for table `customers`
--
ALTER TABLE `customers`
  ADD PRIMARY KEY (`id`),
  ADD KEY `FK_customers_users` (`user_id`);

--
-- Indexes for table `orders`
--
ALTER TABLE `orders`
  ADD PRIMARY KEY (`id`),
  ADD KEY `FK_orders_users` (`user_id`),
  ADD KEY `FK_orders_coupons` (`coupon_id`);

--
-- Indexes for table `order_items`
--
ALTER TABLE `order_items`
  ADD PRIMARY KEY (`id`),
  ADD KEY `order_id` (`order_id`),
  ADD KEY `product_id` (`product_id`);

--
-- Indexes for table `payments`
--
ALTER TABLE `payments`
  ADD PRIMARY KEY (`id`),
  ADD KEY `order_id` (`order_id`);

--
-- Indexes for table `products`
--
ALTER TABLE `products`
  ADD PRIMARY KEY (`id`),
  ADD KEY `FK_products_product_category` (`category_id`);

--
-- Indexes for table `product_category`
--
ALTER TABLE `product_category`
  ADD PRIMARY KEY (`id`);

--
-- Indexes for table `reviews`
--
ALTER TABLE `reviews`
  ADD PRIMARY KEY (`id`),
  ADD KEY `FK_reviews_users` (`user_id`),
  ADD KEY `FK_reviews_orders` (`order_id`);

--
-- Indexes for table `settings`
--
ALTER TABLE `settings`
  ADD PRIMARY KEY (`id`) USING BTREE;

--
-- Indexes for table `users`
--
ALTER TABLE `users`
  ADD PRIMARY KEY (`id`) USING BTREE,
  ADD UNIQUE KEY `users_email_unique` (`email`) USING BTREE;

--
-- AUTO_INCREMENT for dumped tables
--

--
-- AUTO_INCREMENT for table `contacts`
--
ALTER TABLE `contacts`
  MODIFY `id` int(10) NOT NULL AUTO_INCREMENT, AUTO_INCREMENT=4;

--
-- AUTO_INCREMENT for table `coupons`
--
ALTER TABLE `coupons`
  MODIFY `id` bigint(20) NOT NULL AUTO_INCREMENT, AUTO_INCREMENT=7;

--
-- AUTO_INCREMENT for table `customers`
--
ALTER TABLE `customers`
  MODIFY `id` bigint(20) NOT NULL AUTO_INCREMENT, AUTO_INCREMENT=18;

--
-- AUTO_INCREMENT for table `orders`
--
ALTER TABLE `orders`
  MODIFY `id` bigint(20) NOT NULL AUTO_INCREMENT, AUTO_INCREMENT=23;

--
-- AUTO_INCREMENT for table `order_items`
--
ALTER TABLE `order_items`
  MODIFY `id` bigint(20) NOT NULL AUTO_INCREMENT, AUTO_INCREMENT=30;

--
-- AUTO_INCREMENT for table `payments`
--
ALTER TABLE `payments`
  MODIFY `id` bigint(20) NOT NULL AUTO_INCREMENT, AUTO_INCREMENT=12;

--
-- AUTO_INCREMENT for table `products`
--
ALTER TABLE `products`
  MODIFY `id` bigint(20) NOT NULL AUTO_INCREMENT, AUTO_INCREMENT=16;

--
-- AUTO_INCREMENT for table `settings`
--
ALTER TABLE `settings`
  MODIFY `id` int(10) NOT NULL AUTO_INCREMENT, AUTO_INCREMENT=13;
COMMIT;

/*!40101 SET CHARACTER_SET_CLIENT=@OLD_CHARACTER_SET_CLIENT */;
/*!40101 SET CHARACTER_SET_RESULTS=@OLD_CHARACTER_SET_RESULTS */;
/*!40101 SET COLLATION_CONNECTION=@OLD_COLLATION_CONNECTION */;
